bin,count,events,non_events,event_rate,dist_events,dist_non_events,WOE,IV
"(-0.997, -0.917]",5976,119,5857,0.01991298527443106,0.05944055944055944,0.21010151737991892,1.2626140177859029,0.19022663742728757
"(-0.917, -0.664]",5976,106,5870,0.017737617135207495,0.052947052947052944,0.2105678516339635,1.380515523517725,0.21759795941654225
"(-0.664, -0.0197]",5975,174,5801,0.029121338912133893,0.08691308691308691,0.20809269290095778,0.8730750010591852,0.10579888462621201
"(-0.0197, 1.155]",5976,404,5572,0.06760374832663989,0.2017982017982018,0.1998780356566345,-0.009560838253803796,1.8358397899955348e-05
"(1.155, 2.003]",5976,1199,4777,0.20063587684069611,0.5989010989010989,0.1713599024285253,-1.2513304368299023,0.5349953121448047
