utilization_category,count,events,non_events,event_rate,dist_events,dist_non_events,WOE,IV
0,18506,418,18088,0.022587268993839837,0.2087912087912088,0.6488503067044517,1.1338672862406993,0.4989686151364188
1,3197,194,3003,0.060681889271191745,0.0969030969030969,0.1077232126842917,0.10585361372765209,0.0011453483563910677
2,2205,191,2014,0.08662131519274377,0.09540459540459541,0.07224593751120996,-0.2780506499604724,0.006439279879468049
3,5971,1199,4772,0.2008038854463239,0.5989010989010989,0.17118054310004663,-1.2523776670020577,0.5356676718029453
