worst_delinquency,count,events,non_events,event_rate,dist_events,dist_non_events,WOE,IV
0,23704,645,23059,0.027210597367532906,0.3221778221778222,0.8271693510779495,0.9429058157602007,0.4761594495095655
1,3494,411,3083,0.11763022323983972,0.20529470529470528,0.1105929619399505,-0.6185900818024342,0.0585815591686509
2,975,243,732,0.24923076923076923,0.12137862137862138,0.0262582056892779,-1.530936224571587,0.14562329007512345
3,1706,703,1003,0.41207502930832357,0.35114885114885114,0.03597948129282204,-2.2782613990410794,0.7180382095030923
