bin,count,events,non_events,event_rate,dist_events,dist_non_events,WOE,IV
"(-2.127, -0.904]",6417,652,5765,0.10160511142278324,0.3256743256743257,0.20680130573591132,-0.45413942441584365,0.05398492485340461
"(-0.904, -0.292]",6178,510,5668,0.08255098737455487,0.2547452547452547,0.20332173476342505,-0.2254744201001503,0.011594688347411538
"(-0.292, 0.251]",5816,427,5389,0.0734181568088033,0.21328671328671328,0.19331348423431502,-0.09832419048747787,0.001963851577998034
"(0.251, 0.862]",5814,274,5540,0.04712762297901617,0.13686313686313686,0.19873013595437097,0.37296637816090916,0.023074310578741843
"(0.862, 3.239]",5654,139,5515,0.02458436505129112,0.06943056943056942,0.1978333393119776,1.0470977033645612,0.13445024544847078
