Segment,Count,Mean_Probability,Mean_Score,Mean_Expected_Loss,Actual_Default_Rate,Percentage
High Delinquencies (3+),1539,0.4368189293225529,485.6529996891539,2620.913575935317,0.44509421702404156,5.150774791659694
Low Delinquencies (1-2),28340,0.04692081743575259,636.1219157132174,281.52490461451555,0.046471418489767116,94.8492252083403
